,precision,recall,f1-score,support
Menjatuhkan pidana penjara 1 tahun,0.0,0.0,0.0,1.0
Menjatuhkan pidana penjara 6 bulan,1.0,1.0,1.0,1.0
Pidana 3 bulan dengan masa percobaan,0.5,1.0,0.6666666666666666,1.0
accuracy,0.6666666666666666,0.6666666666666666,0.6666666666666666,0.6666666666666666
macro avg,0.5,0.6666666666666666,0.5555555555555555,3.0
weighted avg,0.5,0.6666666666666666,0.5555555555555555,3.0
